#Data tag : 24v2 , Norm tag: None
#run:fill,time,ncms,hltpath,delivered(/pb),recorded(/pb)
378985:9474,04/06/24 00:24:34,768,HLT_Photon200_v21,0.256997455,0.253445774
378993:9475,04/06/24 08:01:17,79,HLT_Photon200_v21,0.080483241,0.078607512
379006:9475,04/06/24 10:52:20,23,HLT_Photon200_v21,0.036230827,0.035499094
379011:9475,04/06/24 11:58:18,399,HLT_Photon200_v21,0.528649820,0.477999546
379012:9475,04/06/24 14:37:43,73,HLT_Photon200_v21,0.086413715,0.085233180
379028:9476,04/06/24 19:56:15,534,HLT_Photon200_v21,0.794943246,0.776391375
379031:9476,04/07/24 00:02:34,289,HLT_Photon200_v21,0.397054868,0.388769065
379058:9479,04/07/24 09:34:30,826,HLT_Photon200_v21,10.204196765,9.938545099
379075:9483,04/08/24 02:29:09,375,HLT_Photon200_v21,4.270156113,4.171346936
379154:9485,04/08/24 22:13:02,1049,HLT_Photon200_v21,11.836208986,11.546363933
379238:9496,04/10/24 16:44:48,285,HLT_Photon200_v21,17.720755898,17.105389311
379243:9497,04/10/24 20:30:21,297,HLT_Photon200_v21,19.732809394,19.406267076
379252:9499,04/11/24 01:57:11,644,HLT_Photon200_v21,46.225276473,45.144755447
379253:9499,04/11/24 06:08:54,104,HLT_Photon200_v21,7.978453129,7.869392875
379338:9510,04/12/24 14:27:21,170,HLT_Photon200_v21,13.040238485,11.799243032
379355:9512,04/13/24 03:39:10,20,HLT_Photon200_v21,3.057203278,2.905895789
379416:9517,04/14/24 17:34:19,195,HLT_Photon200_v21,42.902827777,40.302501111
379420:9518,04/14/24 21:02:55,516,HLT_Photon200_v21,113.962603064,107.586549284
379425:9519,04/15/24 02:03:52,203,HLT_Photon200_v21,39.595383217,37.268225155
379433:9520,04/15/24 05:13:11,21,HLT_Photon200_v21,1.476618477,1.344870142
379442:9521,04/15/24 07:07:46,269,HLT_Photon200_v21,56.998983902,53.648142447
379454:9523,04/15/24 11:25:22,498,HLT_Photon200_v21,110.289146365,100.276063413
379456:9523,04/15/24 14:47:09,1199,HLT_Photon200_v21,217.334035257,204.192337319
379470:9525,04/16/24 00:38:26,800,HLT_Photon200_v21,180.785035410,170.022690150
379530:9530,04/17/24 01:12:13,593,HLT_Photon200_v21,200.431864657,187.257478076
379618:9537,04/18/24 08:43:50,360,HLT_Photon200_v21,107.196601710,103.251304273
379660:9539,04/18/24 16:49:04,1507,HLT_Photon200_v21,455.714067033,439.301489506
379661:9539,04/19/24 02:37:20,406,HLT_Photon200_v21,84.385782383,83.255559979
379729:9543,04/19/24 17:38:45,1465,HLT_Photon200_v21,480.533075757,465.819076908
379765:9548,04/20/24 14:03:25,1695,HLT_Photon200_v21,582.417590658,553.435731859
379774:9549,04/21/24 03:13:58,156,HLT_Photon200_v21,54.006386144,51.479327010
379866:9559,04/23/24 20:37:55,1337,HLT_Photon200_v21,294.892907519,287.087337907
379984:9562,04/25/24 11:47:58,913,HLT_Photon200_v21,250.092387941,243.144293001
380001:9564,04/25/24 20:39:17,691,HLT_Photon200_v21,250.835916516,242.086381850
380005:9565,04/26/24 03:10:19,1062,HLT_Photon200_v21,385.150315594,369.179456085
380007:9565,04/26/24 10:12:08,129,HLT_Photon200_v21,38.643370221,36.735562997
380029:9566,04/26/24 15:02:20,55,HLT_Photon200_v21,11.765687629,10.839111991
380030:9566,04/26/24 15:37:30,346,HLT_Photon200_v21,152.797828031,144.993968925
380032:9566,04/26/24 19:11:02,19,HLT_Photon200_v21,7.650901594,7.194099034
380033:9566,04/26/24 19:21:25,53,HLT_Photon200_v21,21.829641557,20.831050705
380043:9567,04/26/24 22:44:31,900,HLT_Photon200_v21,376.897323728,358.520101790
380049:9568,04/27/24 07:10:37,871,HLT_Photon200_v21,370.451149711,349.494195492
380051:9568,04/27/24 12:55:48,735,HLT_Photon200_v21,236.899386080,228.284619229
380052:9568,04/27/24 17:45:43,12,HLT_Photon200_v21,3.212422610,3.003406262
380053:9568,04/27/24 17:57:47,128,HLT_Photon200_v21,33.046245233,32.014859385
380056:9568,04/27/24 18:55:05,168,HLT_Photon200_v21,38.948617428,37.457802215
380066:9569,04/27/24 22:17:19,552,HLT_Photon200_v21,231.329437378,220.076173688
380074:9570,04/28/24 06:24:04,1306,HLT_Photon200_v21,510.346669293,488.461145789
380115:9573,04/29/24 09:42:28,1792,HLT_Photon200_v21,662.936570299,637.059154436
380195:9575,04/30/24 23:30:14,7,HLT_Photon200_v21,3.344749543,3.073462203
380197:9575,05/01/24 00:09:50,357,HLT_Photon200_v21,171.579559853,162.289516089
380235:9579,05/01/24 17:29:48,256,HLT_Photon200_v21,106.773836085,100.038192021
380236:9579,05/01/24 19:12:09,57,HLT_Photon200_v21,27.401858209,24.484342644
378981:9473,04/05/24 16:26:33,779,HLT_Photon200_v21,0.225883269,0.216301626
379613:9537,04/18/24 03:20:17,120,HLT_Photon200_v22,33.399973459,31.550400318
379617:9537,04/18/24 04:23:35,664,HLT_Photon200_v22,235.947997543,221.560723518
380306:9585,05/02/24 19:54:33,246,HLT_Photon200_v22,103.374843670,95.691192064
380308:9585,05/02/24 21:44:37,35,HLT_Photon200_v22,16.818356669,14.110894072
380309:9585,05/02/24 22:01:22,351,HLT_Photon200_v22,168.256628066,156.540484689
380310:9585,05/03/24 00:19:19,1131,HLT_Photon200_v22,399.579668260,386.098863648
380346:9593,05/03/24 16:31:34,566,HLT_Photon200_v22,253.074579817,237.659982738
380348:9593,05/03/24 20:21:14,341,HLT_Photon200_v22,143.470526941,136.094991286
380349:9593,05/03/24 22:39:03,695,HLT_Photon200_v22,221.464212396,214.653658134
380360:9594,05/04/24 06:56:16,1928,HLT_Photon200_v22,710.996945226,684.320769286
380377:9602,05/04/24 23:50:36,416,HLT_Photon200_v22,187.999130518,177.767596465
380384:9603,05/05/24 06:57:47,751,HLT_Photon200_v22,343.321668342,325.147852723
380385:9603,05/05/24 11:54:10,1247,HLT_Photon200_v22,413.084439123,398.777569386
380399:9604,05/05/24 23:17:17,494,HLT_Photon200_v22,217.455255200,206.823124970
380403:9604,05/06/24 03:21:24,251,HLT_Photon200_v22,111.127245405,105.922095076
380444:9605,05/06/24 15:21:13,325,HLT_Photon200_v22,151.034031759,140.439452517
380446:9605,05/06/24 17:33:05,1028,HLT_Photon200_v22,428.594759122,410.498227297
380447:9605,05/07/24 00:20:04,810,HLT_Photon200_v22,217.344080199,212.308710902
380466:9606,05/07/24 09:21:16,504,HLT_Photon200_v22,228.136158243,211.845536221
380470:9606,05/07/24 13:06:34,1634,HLT_Photon200_v22,547.146212753,530.609770574
380481:9608,05/08/24 05:37:58,860,HLT_Photon200_v22,392.413228634,370.216749334
380513:9609,05/08/24 20:35:34,1158,HLT_Photon200_v22,509.701719509,484.174126006
380517:9609,05/09/24 04:20:58,39,HLT_Photon200_v22,13.859417070,13.120192225
380531:9610,05/09/24 07:02:24,1023,HLT_Photon200_v22,457.979421288,431.243389547
380534:9610,05/09/24 13:56:20,746,HLT_Photon200_v22,236.282162964,229.415127173
380537:9610,05/09/24 19:09:12,58,HLT_Photon200_v22,14.954831659,14.419230013
380538:9610,05/09/24 19:36:56,144,HLT_Photon200_v22,33.875438253,33.179485016
380564:9611,05/09/24 23:47:54,742,HLT_Photon200_v22,340.817738679,321.896499384
380567:9611,05/10/24 04:54:23,1081,HLT_Photon200_v22,356.228522965,346.110926055
380623:9614,05/11/24 20:40:52,388,HLT_Photon200_v22,171.353321488,160.839382723
380624:9614,05/11/24 23:16:57,809,HLT_Photon200_v22,344.571579920,328.358033118
380625:9614,05/12/24 04:34:00,7,HLT_Photon200_v22,2.403327819,2.236270552
380626:9614,05/12/24 04:39:38,14,HLT_Photon200_v22,4.758848741,4.409427331
380627:9614,05/12/24 04:48:42,808,HLT_Photon200_v22,228.165636552,222.938240930
380647:9618,05/12/24 22:28:59,375,HLT_Photon200_v22,171.245556008,155.440223408
380649:9618,05/13/24 01:56:15,401,HLT_Photon200_v22,176.386619171,166.410569811
380933:9651,05/19/24 16:19:32,773,HLT_Photon200_v22,12.171319156,12.031555274
380945:9653,05/20/24 06:39:34,245,HLT_Photon200_v22,106.117382624,100.132466301
380947:9653,05/20/24 11:38:48,823,HLT_Photon200_v22,278.858374126,270.468371934
380963:9654,05/20/24 20:42:43,922,HLT_Photon200_v22,392.892106088,374.724084784
381022:9659,05/21/24 23:53:15,586,HLT_Photon200_v22,225.513397143,213.253014620
381053:9661,05/22/24 09:14:55,108,HLT_Photon200_v22,35.731870660,34.158952022
381065:9662,05/22/24 12:16:48,791,HLT_Photon200_v22,370.495051222,346.850317456
381067:9662,05/22/24 17:33:10,313,HLT_Photon200_v22,130.747815588,125.623325291
381069:9662,05/22/24 20:20:01,307,HLT_Photon200_v22,104.142033486,98.847953427
381070:9662,05/22/24 22:21:18,425,HLT_Photon200_v22,122.234840381,119.540277784
381075:9663,05/23/24 03:44:43,426,HLT_Photon200_v22,194.283598633,183.117038972
381078:9663,05/23/24 06:53:58,334,HLT_Photon200_v22,152.372783691,142.363607026
381079:9663,05/23/24 09:06:56,396,HLT_Photon200_v22,146.928297728,140.055741787
381080:9663,05/23/24 11:44:25,336,HLT_Photon200_v22,103.883358522,99.586015581
381113:9664,05/23/24 18:23:22,236,HLT_Photon200_v22,98.487990607,92.814506971
381114:9664,05/23/24 20:11:09,458,HLT_Photon200_v22,222.012675051,207.625498351
381115:9664,05/23/24 23:12:31,1294,HLT_Photon200_v22,430.260529894,416.615306877
381147:9666,05/24/24 11:18:30,186,HLT_Photon200_v22,79.449770692,74.394360990
381148:9666,05/24/24 12:38:03,264,HLT_Photon200_v22,130.907401766,122.407250843
381149:9666,05/24/24 14:31:14,133,HLT_Photon200_v22,65.816810162,61.366554088
381150:9666,05/24/24 15:25:36,41,HLT_Photon200_v22,19.740739801,18.476291351
381151:9666,05/24/24 15:45:17,851,HLT_Photon200_v22,322.144651138,307.000908807
381152:9666,05/24/24 21:19:14,193,HLT_Photon200_v22,55.548035363,53.818776039
381164:9667,05/25/24 00:51:30,1151,HLT_Photon200_v22,547.360535681,511.836758813
381190:9670,05/25/24 13:16:43,1098,HLT_Photon200_v22,515.153775207,482.200538853
381191:9670,05/25/24 20:25:58,1121,HLT_Photon200_v22,350.459374660,339.876058577
381199:9672,05/26/24 09:25:18,147,HLT_Photon200_v22,59.611914060,55.346207322
381212:9674,05/27/24 04:02:15,372,HLT_Photon200_v22,174.550781199,163.659456243
381286:9677,05/27/24 16:09:15,711,HLT_Photon200_v22,340.340371706,314.583713030
381309:9680,05/28/24 06:47:14,425,HLT_Photon200_v22,200.817055630,188.728860408
381358:9683,05/28/24 18:58:02,3,HLT_Photon200_v22,0.643626329,0.415712232
381364:9684,05/28/24 21:34:05,427,HLT_Photon200_v22,188.112121678,174.122688917
381365:9684,05/29/24 00:22:44,595,HLT_Photon200_v22,272.033581567,254.553169931
381371:9686,05/29/24 06:46:06,194,HLT_Photon200_v22,79.067495195,74.841797826
381379:9687,05/29/24 10:50:00,833,HLT_Photon200_v22,375.681797166,350.256720333
381380:9687,05/29/24 16:17:33,1354,HLT_Photon200_v22,411.028482881,398.054755659
381384:9691,05/30/24 05:24:04,3482,HLT_Photon200_v22,1047.221481883,1003.787456449
381417:9694,05/31/24 13:50:23,1783,HLT_Photon200_v22,713.175273926,675.480123091
381443:9696,06/01/24 12:16:15,1509,HLT_Photon200_v22,620.745426870,586.990569695
381477:9700,06/02/24 11:50:04,278,HLT_Photon200_v22,116.848056407,110.054056201
381479:9700,06/02/24 13:58:03,434,HLT_Photon200_v22,204.506344912,191.928178000
381480:9700,06/02/24 16:48:38,1268,HLT_Photon200_v22,419.252799557,403.419858554
381484:9701,06/03/24 03:15:04,820,HLT_Photon200_v22,374.197822027,349.857922572
381499:9705,06/03/24 16:18:24,195,HLT_Photon200_v22,78.659348852,73.387408879
381500:9705,06/03/24 17:37:39,92,HLT_Photon200_v22,43.432232175,39.487098952
381515:9707,06/03/24 22:01:00,514,HLT_Photon200_v22,232.288458543,213.976170450
381516:9707,06/04/24 01:22:52,1672,HLT_Photon200_v22,584.339102504,556.018931926
381543:9708,06/04/24 14:37:55,512,HLT_Photon200_v22,235.680766777,221.300756637
381544:9708,06/04/24 18:12:43,1970,HLT_Photon200_v22,638.596906315,614.677120940
382229:9806,06/20/24 09:39:20,313,HLT_Photon200_v22,24.007655148,22.672887784
382250:9808,06/20/24 16:24:45,890,HLT_Photon200_v22,224.883008227,215.273486510
382255:9810,06/21/24 04:47:31,97,HLT_Photon200_v22,30.850856832,28.331707688
382256:9810,06/21/24 05:26:51,67,HLT_Photon200_v22,31.184296726,27.662213884
382257:9810,06/21/24 06:11:04,70,HLT_Photon200_v22,32.581588931,29.028350586
382258:9810,06/21/24 06:41:16,1147,HLT_Photon200_v22,500.147987875,479.565829739
382262:9810,06/21/24 14:31:56,253,HLT_Photon200_v22,79.529427182,76.707487538
382298:9812,06/21/24 19:39:36,53,HLT_Photon200_v22,14.820672416,14.372868755
382299:9812,06/21/24 20:38:10,808,HLT_Photon200_v22,385.785594588,356.406153862
382300:9812,06/22/24 01:55:26,1186,HLT_Photon200_v22,383.866479269,371.889145964
382313:9813,06/22/24 11:50:52,389,HLT_Photon200_v22,174.770704309,166.394989221
382314:9813,06/22/24 14:26:00,295,HLT_Photon200_v22,141.772079053,134.389798780
382328:9816,06/22/24 22:38:19,90,HLT_Photon200_v22,34.046955087,31.070625282
382329:9816,06/22/24 23:16:37,150,HLT_Photon200_v22,72.058688888,67.791210123
382343:9819,06/23/24 13:01:16,2208,HLT_Photon200_v22,987.456471789,930.640336544
382344:9819,06/24/24 03:22:08,355,HLT_Photon200_v22,129.243916772,124.754533042
382504:9832,06/27/24 14:22:09,349,HLT_Photon200_v22,153.585642826,145.411700488
382568:9838,06/28/24 23:55:16,399,HLT_Photon200_v22,182.061249910,171.521980974
382580:9840,06/29/24 07:43:51,1711,HLT_Photon200_v22,722.466101163,688.566560818
382594:9842,06/30/24 02:29:05,1406,HLT_Photon200_v22,626.659566749,596.593096547
382595:9842,06/30/24 11:37:12,854,HLT_Photon200_v22,259.034637069,251.079289063
382617:9843,06/30/24 19:33:03,701,HLT_Photon200_v22,308.269482801,294.167045299
382626:9846,07/01/24 07:24:48,359,HLT_Photon200_v22,162.561952503,153.276881588
382649:9848,07/01/24 14:36:50,482,HLT_Photon200_v22,219.535669843,200.448067054
382650:9848,07/01/24 17:47:17,234,HLT_Photon200_v22,114.439987113,108.539806458
382654:9849,07/01/24 21:54:58,1641,HLT_Photon200_v22,751.510837361,707.329404946
382655:9849,07/02/24 08:36:08,394,HLT_Photon200_v22,128.324241560,123.693702543
382656:9849,07/02/24 11:12:31,294,HLT_Photon200_v22,80.206075268,77.267523569
382679:9851,07/02/24 21:51:44,71,HLT_Photon200_v22,20.886010691,20.366592331
382684:9852,07/03/24 00:51:55,1164,HLT_Photon200_v22,550.589865962,515.492095648
382685:9852,07/03/24 08:26:33,482,HLT_Photon200_v22,181.788265388,174.433902071
382686:9852,07/03/24 11:40:25,141,HLT_Photon200_v22,44.316144182,42.991086076
382725:9857,07/03/24 21:33:58,369,HLT_Photon200_v22,165.607127905,155.431705623
382729:9859,07/04/24 06:43:25,55,HLT_Photon200_v22,15.970445916,14.985604132
382730:9859,07/04/24 07:13:28,52,HLT_Photon200_v22,23.825731379,22.093735574
382750:9860,07/04/24 11:35:31,530,HLT_Photon200_v22,250.549911303,234.037822107
382752:9860,07/04/24 15:08:41,709,HLT_Photon200_v22,335.604686943,317.858252281
382769:9861,07/05/24 00:19:42,1534,HLT_Photon200_v22,673.635854027,636.974390811
382770:9861,07/05/24 10:19:22,586,HLT_Photon200_v22,166.584083679,161.485095235
382791:9862,07/05/24 17:32:53,105,HLT_Photon200_v22,31.883171362,30.123590947
382792:9862,07/05/24 18:18:12,80,HLT_Photon200_v22,38.954343702,31.274815704
382794:9862,07/05/24 18:54:44,14,HLT_Photon200_v22,6.824655534,5.218560661
382795:9862,07/05/24 19:03:19,474,HLT_Photon200_v22,231.255572815,216.728592208
382799:9864,07/06/24 01:44:41,615,HLT_Photon200_v22,278.388130907,261.942742885
382810:9865,07/06/24 09:09:34,70,HLT_Photon200_v22,18.930358969,17.996948629
382811:9865,07/06/24 09:42:19,396,HLT_Photon200_v22,192.913517745,180.337654590
382830:9867,07/06/24 23:56:53,75,HLT_Photon200_v22,23.268116909,22.393432987
382834:9869,07/07/24 04:03:04,760,HLT_Photon200_v22,355.996421191,332.944055544
382856:9871,07/07/24 12:22:27,421,HLT_Photon200_v22,195.411621353,181.289015302
382878:9873,07/07/24 20:54:09,853,HLT_Photon200_v22,401.536559843,377.157477756
382913:9877,07/08/24 14:41:36,2287,HLT_Photon200_v22,882.017660246,838.751331528
382921:9878,07/09/24 08:24:31,1185,HLT_Photon200_v22,563.482654967,527.709487863
382922:9878,07/09/24 16:44:18,83,HLT_Photon200_v22,33.984112455,29.170182641
382924:9878,07/09/24 17:25:21,247,HLT_Photon200_v22,91.089300819,87.257860947
382937:9879,07/09/24 21:42:48,473,HLT_Photon200_v22,219.528927181,207.172140448
382960:9883,07/10/24 07:52:18,564,HLT_Photon200_v22,263.640384520,246.214285812
383028:9885,07/11/24 01:48:44,89,HLT_Photon200_v22,33.412554425,31.284469321
383034:9886,07/11/24 05:08:29,666,HLT_Photon200_v22,314.229342105,291.291162559
383036:9886,07/11/24 09:34:23,58,HLT_Photon200_v22,28.224894894,25.889759587
383134:9891,07/12/24 19:19:21,110,HLT_Photon200_v22,7.794300490,7.549494818
383148:9895,07/13/24 04:50:42,537,HLT_Photon200_v22,39.787320260,38.686862502
383153:9896,07/13/24 10:30:17,194,HLT_Photon200_v22,82.381037110,65.987107003
383155:9896,07/13/24 11:58:31,1854,HLT_Photon200_v22,771.142983677,729.935555783
383162:9899,07/14/24 03:43:21,1528,HLT_Photon200_v22,706.218675261,667.606900214
383163:9899,07/14/24 13:49:37,514,HLT_Photon200_v22,164.623123107,158.277780208
383173:9900,07/14/24 19:48:15,929,HLT_Photon200_v22,440.102004460,412.656392482
383174:9900,07/15/24 01:54:31,1021,HLT_Photon200_v22,391.976315627,368.326127114
383175:9900,07/15/24 08:35:33,158,HLT_Photon200_v22,42.292896871,39.566690499
383247:9904,07/15/24 23:52:58,108,HLT_Photon200_v22,41.875181930,39.446351504
383254:9905,07/16/24 03:16:42,1228,HLT_Photon200_v22,586.391413908,545.011815753
383255:9905,07/16/24 11:15:10,915,HLT_Photon200_v22,321.415071149,308.298066731
383275:9906,07/16/24 20:29:35,177,HLT_Photon200_v22,76.445440846,66.796098924
383276:9906,07/16/24 21:41:34,292,HLT_Photon200_v22,142.596771130,132.988878663
383277:9906,07/16/24 23:40:04,676,HLT_Photon200_v22,329.273927750,308.862163015
383323:9910,07/17/24 13:35:57,1265,HLT_Photon200_v22,602.911015976,561.119552889
383326:9910,07/17/24 22:14:31,516,HLT_Photon200_v22,182.689456537,171.508458033
383363:9911,07/18/24 09:52:44,743,HLT_Photon200_v22,347.938300186,324.704293384
383365:9911,07/18/24 14:47:25,53,HLT_Photon200_v22,25.871641962,23.023140494
383366:9911,07/18/24 15:11:11,27,HLT_Photon200_v22,13.257909201,11.436426619
383367:9911,07/18/24 15:24:35,176,HLT_Photon200_v22,85.924623823,79.773721380
383368:9911,07/18/24 17:16:22,1037,HLT_Photon200_v22,364.006823766,350.578938744
383377:9912,07/19/24 03:48:39,279,HLT_Photon200_v22,125.678623319,117.464473495
383417:9917,07/20/24 01:05:27,779,HLT_Photon200_v22,367.641472273,341.259134516
383418:9917,07/20/24 06:11:06,917,HLT_Photon200_v22,389.619499073,368.551834645
383447:9920,07/20/24 20:44:24,474,HLT_Photon200_v22,219.749516735,204.800295291
383448:9920,07/20/24 23:49:51,465,HLT_Photon200_v22,226.774296712,208.834435788
383449:9920,07/21/24 02:51:33,1248,HLT_Photon200_v22,451.939558769,433.111324813
383467:9921,07/21/24 13:30:14,177,HLT_Photon200_v22,74.935141741,68.769616909
383468:9921,07/21/24 14:41:33,2149,HLT_Photon200_v22,853.288477368,809.338360319
383485:9923,07/22/24 08:25:14,77,HLT_Photon200_v22,26.082964545,23.969007717
383486:9923,07/22/24 08:56:37,116,HLT_Photon200_v22,55.878253684,46.273519246
383487:9923,07/22/24 09:47:12,2043,HLT_Photon200_v22,851.821618485,801.129508011
383496:9925,07/23/24 02:52:20,181,HLT_Photon200_v22,79.275456241,72.776183088
383512:9926,07/23/24 06:46:08,1755,HLT_Photon200_v22,795.747442462,743.499273676
383514:9926,07/23/24 19:13:08,139,HLT_Photon200_v22,39.087935114,37.840423837
383536:9927,07/24/24 02:13:47,164,HLT_Photon200_v22,66.714717544,61.630702159
383537:9927,07/24/24 03:19:59,76,HLT_Photon200_v22,37.037810777,33.085389275
383541:9927,07/24/24 04:01:38,302,HLT_Photon200_v22,147.094070378,137.247528339
383629:9931,07/25/24 00:40:17,190,HLT_Photon200_v22,80.968208817,76.432162698
383630:9931,07/25/24 01:56:20,295,HLT_Photon200_v22,139.623070360,131.773709207
383631:9931,07/25/24 03:56:49,1675,HLT_Photon200_v22,683.075806963,642.960827189
383647:9932,07/25/24 17:03:23,107,HLT_Photon200_v22,41.295362524,37.914936150
383648:9932,07/25/24 17:46:40,232,HLT_Photon200_v22,113.105027332,103.238763771
383649:9932,07/25/24 19:18:20,342,HLT_Photon200_v22,166.881330928,153.989914749
383650:9932,07/25/24 21:33:00,41,HLT_Photon200_v22,19.997223021,17.423216557
383661:9934,07/26/24 01:47:35,101,HLT_Photon200_v22,37.890026229,34.646429103
383662:9934,07/26/24 02:30:01,181,HLT_Photon200_v22,88.126919574,80.422242614
383669:9935,07/26/24 05:40:30,639,HLT_Photon200_v22,301.830941315,280.486965552
383687:9936,07/26/24 12:06:39,476,HLT_Photon200_v22,222.403318994,205.868400130
383692:9937,07/26/24 17:20:31,859,HLT_Photon200_v22,407.421668810,372.055413682
383693:9937,07/26/24 22:56:12,155,HLT_Photon200_v22,75.364807774,68.251611046
383694:9937,07/27/24 00:04:44,30,HLT_Photon200_v22,14.021231046,8.790566845
383695:9937,07/27/24 00:19:44,740,HLT_Photon200_v22,284.004336417,266.871584932
383712:9939,07/27/24 08:34:14,1552,HLT_Photon200_v22,717.834993001,667.400436103
383724:9939,07/27/24 19:49:19,192,HLT_Photon200_v22,61.955469293,59.779997824
383740:9941,07/28/24 01:30:34,676,HLT_Photon200_v22,314.926207845,289.687218661
383741:9941,07/28/24 05:57:18,574,HLT_Photon200_v22,276.004312006,256.242019865
383756:9942,07/28/24 12:25:37,1365,HLT_Photon200_v22,638.862275094,593.262057013
383758:9942,07/28/24 21:50:52,25,HLT_Photon200_v22,9.579800148,8.984246968
383767:9943,07/29/24 00:29:10,1603,HLT_Photon200_v22,731.627138928,674.962330634
383779:9943,07/29/24 10:56:46,173,HLT_Photon200_v22,58.138630760,55.792019877
383811:9945,07/29/24 16:52:13,41,HLT_Photon200_v23,13.119662933,11.219375863
383812:9945,07/29/24 17:11:17,338,HLT_Photon200_v23,164.881533657,148.483059514
383813:9945,07/29/24 19:25:59,104,HLT_Photon200_v23,50.649341538,46.170117789
383814:9945,07/29/24 20:12:38,1244,HLT_Photon200_v23,552.190676299,516.301375230
383830:9947,07/30/24 08:01:55,124,HLT_Photon200_v23,52.655261423,46.375947359
383832:9947,07/30/24 08:59:00,405,HLT_Photon200_v23,197.865216468,176.923288288
383833:9947,07/30/24 11:39:37,173,HLT_Photon200_v23,84.464117258,77.341787971
383834:9947,07/30/24 12:49:56,438,HLT_Photon200_v23,211.340763799,195.642028843
383854:9951,07/30/24 20:32:23,1088,HLT_Photon200_v23,522.261339016,477.679309869
383855:9951,07/31/24 03:37:50,905,HLT_Photon200_v23,353.679845303,334.600444216
383900:9960,07/31/24 15:53:42,29,HLT_Photon200_v23,7.609367131,7.212807837
383907:9962,08/01/24 01:35:28,620,HLT_Photon200_v23,294.285957507,266.008971939
383908:9962,08/01/24 05:40:02,16,HLT_Photon200_v23,7.796413167,6.824966856
383948:9967,08/01/24 21:31:59,882,HLT_Photon200_v23,415.865043335,381.107513394
383949:9967,08/02/24 03:17:57,905,HLT_Photon200_v23,384.980489234,363.976570543
383996:9969,08/02/24 14:25:58,2197,HLT_Photon200_v23,912.469868260,861.790672889
384014:9970,08/03/24 07:49:48,378,HLT_Photon200_v23,168.051112149,157.863133481
384029:9971,08/03/24 12:39:06,443,HLT_Photon200_v23,199.435985363,186.764210012
384052:9973,08/04/24 01:26:33,2142,HLT_Photon200_v23,895.700072086,840.211053447
384069:9974,08/04/24 17:15:47,1226,HLT_Photon200_v23,569.075620887,515.045785190
384070:9974,08/05/24 01:14:33,678,HLT_Photon200_v23,252.835786342,239.687925715
384124:9978,08/05/24 19:07:55,69,HLT_Photon200_v23,22.911542693,20.252205706
384126:9978,08/05/24 19:39:33,20,HLT_Photon200_v23,9.409877383,6.196673764
384127:9978,08/05/24 19:50:44,15,HLT_Photon200_v23,7.085857550,6.211584432
384128:9978,08/05/24 20:00:38,1613,HLT_Photon200_v23,723.403622063,679.119340630
384187:9982,08/06/24 20:53:18,384,HLT_Photon200_v23,165.080735136,152.173697089
384188:9982,08/06/24 23:24:43,255,HLT_Photon200_v23,120.538183207,112.483386530
384202:9983,08/07/24 12:18:48,1760,HLT_Photon200_v23,778.198920470,732.669140883
384203:9983,08/07/24 23:45:16,8,HLT_Photon200_v23,2.684511567,2.246898815
384204:9983,08/07/24 23:51:25,215,HLT_Photon200_v23,66.824963759,63.083976101
384209:9984,08/08/24 07:07:55,783,HLT_Photon200_v23,361.202900374,335.636722631
384238:9986,08/08/24 17:13:57,534,HLT_Photon200_v23,243.249547982,224.771963582
384239:9986,08/08/24 20:44:28,1323,HLT_Photon200_v23,565.486912875,534.716748953
384244:9986,08/09/24 06:26:49,146,HLT_Photon200_v23,41.740917862,40.442623637
384264:9987,08/09/24 11:29:13,969,HLT_Photon200_v23,448.874519655,416.568954097
384265:9987,08/09/24 17:49:25,408,HLT_Photon200_v23,187.860720358,175.943775652
384290:9989,08/10/24 20:15:12,111,HLT_Photon200_v23,52.208014618,45.197562569
384291:9989,08/10/24 21:33:54,1630,HLT_Photon200_v23,710.100100239,670.325064921
384318:9992,08/11/24 12:35:40,33,HLT_Photon200_v23,6.794865668,6.412335133
384322:9994,08/11/24 18:20:51,703,HLT_Photon200_v23,323.758078178,299.157701732
384323:9994,08/11/24 22:57:34,432,HLT_Photon200_v23,204.237254927,190.746671997
384331:9995,08/12/24 03:58:07,590,HLT_Photon200_v23,270.139658427,249.311114873
384332:9995,08/12/24 07:49:44,529,HLT_Photon200_v23,249.910245921,232.188941373
384377:9996,08/12/24 18:27:38,394,HLT_Photon200_v23,176.986929349,163.029672269
384378:9996,08/12/24 21:06:29,168,HLT_Photon200_v23,79.249701602,72.149114048
384380:9996,08/12/24 22:50:43,27,HLT_Photon200_v23,12.801905116,11.659120115
384382:9996,08/12/24 23:17:40,159,HLT_Photon200_v23,75.091351260,69.748460109
384383:9996,08/13/24 01:10:37,1000,HLT_Photon200_v23,393.653840465,371.601877005
384406:10000,08/13/24 14:20:29,604,HLT_Photon200_v23,274.864940381,256.983322361
384413:10001,08/13/24 20:26:14,1953,HLT_Photon200_v23,837.697233504,786.313120998
384446:10002,08/14/24 12:08:34,244,HLT_Photon200_v23,112.837600433,104.971313554
384464:10004,08/14/24 18:47:13,248,HLT_Photon200_v23,106.515214425,99.516724500
384468:10005,08/14/24 23:38:21,1912,HLT_Photon200_v23,823.430694525,764.659764050
384485:10006,08/15/24 14:45:03,94,HLT_Photon200_v23,30.522538414,27.811045840
384486:10006,08/15/24 15:25:49,34,HLT_Photon200_v23,16.056267111,14.402705448
384487:10006,08/15/24 15:42:19,30,HLT_Photon200_v23,14.189329759,12.818955603
384489:10006,08/15/24 16:02:32,29,HLT_Photon200_v23,13.696180713,11.927214613
384490:10006,08/15/24 16:17:13,31,HLT_Photon200_v23,14.621395231,12.890441064
384491:10006,08/15/24 16:32:41,31,HLT_Photon200_v23,14.607643601,13.352789722
384492:10006,08/15/24 16:48:32,1611,HLT_Photon200_v23,700.169030315,656.244157258
384565:10010,08/16/24 21:29:08,1711,HLT_Photon200_v23,764.606901540,706.836392081
384579:10012,08/17/24 11:16:57,526,HLT_Photon200_v23,241.438703187,223.803980243
384591:10013,08/17/24 17:20:39,157,HLT_Photon200_v23,60.343017732,55.071040538
384593:10013,08/17/24 18:32:48,137,HLT_Photon200_v23,64.810807403,59.916154063
384610:10014,08/17/24 22:43:48,405,HLT_Photon200_v23,148.803870960,141.487806398
384614:10016,08/18/24 05:44:59,1241,HLT_Photon200_v23,578.380109883,537.076342334
384638:10017,08/18/24 17:19:49,532,HLT_Photon200_v23,242.821570626,214.969230253
384644:10017,08/18/24 21:25:06,1046,HLT_Photon200_v23,464.150567726,422.851449405
384933:10049,08/23/24 19:17:07,623,HLT_Photon200_v23,283.047176829,264.919451723
384934:10049,08/23/24 23:22:14,4,HLT_Photon200_v23,1.838391480,1.654052798
384935:10049,08/23/24 23:30:44,1327,HLT_Photon200_v23,535.949688085,513.185781843
384950:10050,08/24/24 09:59:15,176,HLT_Photon200_v23,75.243032295,67.949909240
384951:10050,08/24/24 11:11:49,961,HLT_Photon200_v23,455.309261000,427.964541741
384963:10052,08/24/24 21:20:42,2106,HLT_Photon200_v23,914.774914250,865.589427174
384981:10056,08/25/24 14:30:56,2100,HLT_Photon200_v23,911.137990983,862.064834369
385012:10059,08/26/24 14:29:58,274,HLT_Photon200_v23,119.437972110,111.252791485
385016:10061,08/26/24 19:27:38,778,HLT_Photon200_v23,358.779062843,335.173022704
385094:10066,08/28/24 20:30:28,951,HLT_Photon200_v23,440.658075525,414.162024765
385100:10068,08/29/24 06:12:48,17,HLT_Photon200_v23,3.020034309,2.799810861
385127:10069,08/29/24 11:21:07,2039,HLT_Photon200_v23,871.153763176,825.103443741
385134:10070,08/30/24 02:46:58,304,HLT_Photon200_v23,134.079020062,126.099575178
385142:10072,08/30/24 07:48:37,1942,HLT_Photon200_v23,833.039676983,786.314821231
385152:10073,08/31/24 00:23:41,1160,HLT_Photon200_v23,535.351787548,498.893685089
385153:10073,08/31/24 07:59:35,852,HLT_Photon200_v23,325.245160819,309.913871349
385168:10074,08/31/24 17:44:44,2056,HLT_Photon200_v23,884.711355961,836.394893705
385178:10075,09/01/24 09:25:43,510,HLT_Photon200_v23,226.938064670,211.756773201
385194:10077,09/01/24 18:18:28,1401,HLT_Photon200_v23,646.700289033,603.145185394
385260:10082,09/03/24 09:38:15,543,HLT_Photon200_v23,247.127780837,230.290864886
385281:10084,09/03/24 18:30:32,1389,HLT_Photon200_v23,641.361558143,602.813865209
385284:10084,09/04/24 04:04:19,133,HLT_Photon200_v23,52.595005668,50.171439552
385285:10084,09/04/24 05:07:39,289,HLT_Photon200_v23,100.043075139,93.606457509
385286:10084,09/04/24 07:10:58,1447,HLT_Photon200_v23,347.278714747,337.704966658
385311:10086,09/04/24 20:10:28,106,HLT_Photon200_v23,38.391014302,32.444016831
385312:10086,09/04/24 20:54:59,430,HLT_Photon200_v23,203.849658405,190.826967054
385324:10087,09/05/24 04:16:47,1836,HLT_Photon200_v23,796.178168937,749.688129403
385354:10090,09/05/24 23:32:09,802,HLT_Photon200_v23,369.152523376,344.879801210
385355:10090,09/06/24 04:45:27,950,HLT_Photon200_v23,411.823595401,387.818570275
385383:10091,09/06/24 14:25:32,360,HLT_Photon200_v23,161.293193517,150.805282214
385386:10091,09/06/24 17:28:57,10,HLT_Photon200_v23,4.717103234,4.230260049
385387:10091,09/06/24 17:43:46,363,HLT_Photon200_v23,171.908442916,160.968137461
385390:10092,09/06/24 22:13:08,1652,HLT_Photon200_v23,754.238441497,708.107888056
385391:10092,09/07/24 08:58:33,542,HLT_Photon200_v23,179.532723225,172.425243379
385408:10093,09/07/24 16:43:27,409,HLT_Photon200_v23,183.938907225,173.514116215
385415:10094,09/07/24 21:29:09,508,HLT_Photon200_v23,230.969997445,217.363740392
385422:10095,09/08/24 04:08:22,1117,HLT_Photon200_v23,518.889499709,481.724640627
385423:10095,09/08/24 11:26:06,396,HLT_Photon200_v23,179.815118208,166.470517414
385424:10095,09/08/24 14:01:18,636,HLT_Photon200_v23,220.142346246,208.794159723
385437:10096,09/08/24 20:29:56,779,HLT_Photon200_v23,360.411823374,335.297661107
385443:10097,09/09/24 03:51:29,1586,HLT_Photon200_v23,725.950740606,680.600847412
385444:10097,09/09/24 14:11:45,154,HLT_Photon200_v23,57.117156763,54.312218598
385447:10097,09/09/24 15:16:47,172,HLT_Photon200_v23,58.985532698,56.787031265
385474:10098,09/09/24 19:24:24,719,HLT_Photon200_v23,327.257828988,306.990095557
385478:10099,09/10/24 02:09:42,646,HLT_Photon200_v23,296.266734940,268.422521601
385480:10099,09/10/24 06:27:18,6,HLT_Photon200_v23,2.830373669,0.154891349
385481:10099,09/10/24 06:33:02,104,HLT_Photon200_v23,49.102328495,44.588562728
385483:10099,09/10/24 07:19:45,22,HLT_Photon200_v23,10.415514869,9.101368626
385484:10099,09/10/24 07:31:07,19,HLT_Photon200_v23,8.937922527,7.832306818
385511:10100,09/10/24 12:07:41,104,HLT_Photon200_v23,39.377084523,36.646799223
385512:10100,09/10/24 12:50:53,23,HLT_Photon200_v23,10.876819483,9.212526710
385513:10100,09/10/24 13:03:20,20,HLT_Photon200_v23,9.449198527,8.171185545
385514:10100,09/10/24 13:14:48,26,HLT_Photon200_v23,12.370757910,10.305463610
385515:10100,09/10/24 13:30:08,1639,HLT_Photon200_v23,733.483054451,682.584996437
385567:10104,09/11/24 12:50:43,294,HLT_Photon200_v23,110.697690541,103.238270086
385568:10104,09/11/24 14:48:38,256,HLT_Photon200_v23,120.330258997,112.734206536
385589:10105,09/11/24 22:31:01,210,HLT_Photon200_v23,90.246403360,84.637480030
385591:10105,09/11/24 23:58:16,18,HLT_Photon200_v23,8.476351395,4.839445186
385592:10105,09/12/24 00:06:53,22,HLT_Photon200_v23,10.388217763,5.437027987
385604:10105,09/12/24 01:44:44,1092,HLT_Photon200_v23,503.953342288,474.417920096
385606:10105,09/12/24 08:53:23,643,HLT_Photon200_v23,214.664820860,206.274373556
385618:10107,09/12/24 15:36:38,157,HLT_Photon200_v23,66.466540451,60.073524709
385619:10107,09/12/24 16:43:37,98,HLT_Photon200_v23,46.403513779,42.138581368
385620:10107,09/12/24 17:24:52,1782,HLT_Photon200_v23,774.324739402,732.084082413
385697:10109,09/13/24 16:26:05,31,HLT_Photon200_v23,6.372297171,5.798142737
385712:10112,09/13/24 22:09:19,478,HLT_Photon200_v23,214.717151385,201.430455218
385713:10112,09/14/24 01:23:03,612,HLT_Photon200_v23,289.161373581,271.406168213
385727:10115,09/14/24 07:48:40,512,HLT_Photon200_v23,236.444357959,221.742898448
385728:10115,09/14/24 11:19:03,1108,HLT_Photon200_v23,520.023154904,485.589251702
385738:10116,09/14/24 22:12:14,1701,HLT_Photon200_v23,794.962915671,740.603043970
385739:10116,09/15/24 09:18:37,427,HLT_Photon200_v23,142.448936000,137.203622382
385754:10117,09/15/24 14:03:08,102,HLT_Photon200_v23,37.834890156,35.064206184
385764:10118,09/15/24 16:42:49,2215,HLT_Photon200_v23,953.154910778,893.515669350
385799:10119,09/16/24 09:38:00,14,HLT_Photon200_v23,1.948917998,1.707626597
385801:10119,09/16/24 09:48:03,102,HLT_Photon200_v23,45.740161032,42.702009152
385836:10122,09/16/24 18:09:50,133,HLT_Photon200_v23,55.086825038,51.907562671
385842:10122,09/16/24 20:25:55,1957,HLT_Photon200_v23,823.743251976,775.533905598
385863:10123,09/17/24 11:30:08,18,HLT_Photon200_v23,3.417488302,3.195604504
385882:10125,09/17/24 16:05:07,103,HLT_Photon200_v23,40.212706052,37.840977867
385887:10125,09/17/24 17:28:59,2,HLT_Photon200_v23,0.956560870,0.670980786
385888:10125,09/17/24 17:32:38,168,HLT_Photon200_v23,79.326528634,74.569161717
385889:10125,09/17/24 19:03:21,1637,HLT_Photon200_v23,704.348859723,662.574382503
385908:10126,09/18/24 07:53:51,863,HLT_Photon200_v23,401.161242595,373.968301005
385915:10126,09/18/24 13:31:00,626,HLT_Photon200_v23,291.889698584,271.180674275
385933:10127,09/18/24 20:18:21,171,HLT_Photon200_v23,72.314225404,66.005092814
385934:10127,09/18/24 21:29:03,1229,HLT_Photon200_v23,574.317552925,535.382052738
385986:10130,09/19/24 22:32:34,1995,HLT_Photon200_v23,881.770514436,822.260834016
386006:10132,09/20/24 16:00:56,17,HLT_Photon200_v23,6.287012175,5.499043510
386008:10132,09/20/24 16:13:06,49,HLT_Photon200_v23,23.038754972,18.708120219
386010:10132,09/20/24 16:39:00,902,HLT_Photon200_v23,427.002628822,399.763423416
386025:10134,09/21/24 03:26:38,1858,HLT_Photon200_v23,839.473919857,786.420990311
386279:10139,09/25/24 19:45:30,213,HLT_Photon200_v23,90.639716670,85.656303002
386285:10141,09/26/24 05:07:10,206,HLT_Photon200_v23,88.832583417,77.880256031
386308:10142,09/26/24 10:25:40,144,HLT_Photon200_v23,60.680427891,56.995962160
386313:10143,09/26/24 13:48:04,85,HLT_Photon200_v23,32.406168510,30.800464468
386319:10144,09/26/24 16:26:23,702,HLT_Photon200_v23,322.012668004,304.852639525
386478:10189,10/02/24 05:25:34,405,HLT_Photon200_v23,177.311604257,169.077706701
386505:10190,10/02/24 16:45:21,285,HLT_Photon200_v23,122.307920279,113.126703490
386509:10190,10/02/24 18:48:14,1032,HLT_Photon200_v23,472.558234059,444.966495822
386553:10197,10/03/24 15:18:13,857,HLT_Photon200_v23,406.079826242,379.020417634
386554:10197,10/03/24 20:54:36,1013,HLT_Photon200_v23,436.525777919,415.201614158
386592:10199,10/04/24 12:52:01,421,HLT_Photon200_v23,193.986432549,180.358160983
386593:10199,10/04/24 15:46:38,652,HLT_Photon200_v23,318.277939507,298.669437021
386594:10199,10/04/24 20:20:34,871,HLT_Photon200_v23,353.924518552,335.113724842
386604:10200,10/05/24 08:06:58,2002,HLT_Photon200_v23,898.427753322,839.543601197
386605:10200,10/05/24 21:08:51,155,HLT_Photon200_v23,46.252833260,44.732719865
386614:10201,10/06/24 00:32:57,754,HLT_Photon200_v23,359.045283808,331.455973576
386615:10201,10/06/24 05:27:39,37,HLT_Photon200_v23,18.022642734,15.959367046
386616:10201,10/06/24 05:44:35,127,HLT_Photon200_v23,62.064710755,57.201537987
386617:10201,10/06/24 06:35:53,70,HLT_Photon200_v23,34.196906135,31.682624621
386618:10201,10/06/24 07:04:33,952,HLT_Photon200_v23,396.849671847,377.390477463
386629:10202,10/06/24 15:27:33,65,HLT_Photon200_v23,20.327854308,18.546190470
386630:10202,10/06/24 15:54:09,28,HLT_Photon200_v23,12.779689478,11.610777117
386640:10204,10/06/24 20:23:38,1161,HLT_Photon200_v23,557.103419111,515.847390275
386642:10204,10/07/24 03:59:02,716,HLT_Photon200_v23,288.650624625,272.393145698
386661:10206,10/07/24 11:24:15,440,HLT_Photon200_v23,206.477461363,185.015012072
386668:10207,10/07/24 16:23:23,347,HLT_Photon200_v23,159.598694163,146.180066849
386672:10208,10/07/24 21:18:35,130,HLT_Photon200_v23,54.592324760,48.606870249
386673:10208,10/07/24 22:10:34,992,HLT_Photon200_v23,485.018144666,451.970362724
386679:10209,10/08/24 07:20:42,357,HLT_Photon200_v23,165.933574973,150.905401296
386693:10210,10/08/24 12:02:10,125,HLT_Photon200_v23,52.306270984,48.513126010
386694:10210,10/08/24 13:04:36,1331,HLT_Photon200_v23,638.400573536,594.649038616
386702:10211,10/08/24 23:56:26,218,HLT_Photon200_v23,97.274136409,89.972742636
386703:10211,10/09/24 01:23:07,562,HLT_Photon200_v23,274.423059545,253.046819273
386704:10211,10/09/24 05:28:30,1100,HLT_Photon200_v23,469.299138037,442.094723719
386705:10211,10/09/24 12:38:04,151,HLT_Photon200_v23,45.034192037,42.499852138
386749:10213,10/09/24 17:47:13,183,HLT_Photon200_v23,26.877804781,25.273582069
386753:10213,10/09/24 19:09:35,1343,HLT_Photon200_v23,71.753473870,69.521574512
386764:10214,10/10/24 06:50:06,149,HLT_Photon200_v23,41.367768534,38.800474799
386795:10215,10/10/24 14:28:43,71,HLT_Photon200_v23,26.043454358,24.125769523
386801:10216,10/10/24 18:07:18,66,HLT_Photon200_v23,22.958685810,21.376317723
386814:10216,10/10/24 20:18:57,250,HLT_Photon200_v23,121.923060525,113.814561475
386851:10218,10/12/24 00:34:13,401,HLT_Photon200_v23,187.263309018,166.230700591
386852:10218,10/12/24 03:12:23,523,HLT_Photon200_v23,255.155964002,234.447864412
386853:10218,10/12/24 06:40:43,77,HLT_Photon200_v23,37.614310782,34.533762645
386854:10218,10/12/24 07:12:25,540,HLT_Photon200_v23,248.515655827,233.552567383
386863:10219,10/12/24 13:24:38,480,HLT_Photon200_v23,225.404818308,204.715798597
386864:10219,10/12/24 16:33:59,1491,HLT_Photon200_v23,656.825871612,613.275983323
386872:10222,10/13/24 09:29:30,172,HLT_Photon200_v23,74.759166507,69.415229136
386873:10222,10/13/24 10:39:03,332,HLT_Photon200_v23,162.096674077,150.747002682
386885:10223,10/13/24 19:45:43,1370,HLT_Photon200_v23,652.309581531,603.248567304
386917:10225,10/14/24 19:44:49,558,HLT_Photon200_v23,262.981712055,242.440436386
386924:10226,10/15/24 03:42:19,1791,HLT_Photon200_v23,822.753366563,759.352963257
386925:10226,10/15/24 15:21:33,172,HLT_Photon200_v23,58.401450308,56.196662342
386945:10230,10/15/24 23:13:33,814,HLT_Photon200_v23,389.129875033,358.936247214
386951:10232,10/16/24 06:45:06,663,HLT_Photon200_v23,313.951930493,292.836915662
#Summary:
#hltpath,nfill,nrun,ncms,totdelivered(/pb),totrecorded(/pb)
#HLT_Photon200_v21,37,54,28343,7051.328738828,6736.989027038
#HLT_Photon200_v22,104,206,125616,50861.383304659,47989.047469081
#HLT_Photon200_v23,113,214,134502,58696.576654831,54827.674865156
#
#Sum delivered  : 116609.288698317
#Sum recorded : 109553.711361275
#Check JSON:
#(run,ls) in json but not in results: [(378993, 200), (379238, 297), (379243, 336), (379243, 337), (379774, 150), (379774, 186), (379774, 187), (379774, 188), (379774, 189), (379774, 190), (379774, 191), (379774, 192), (379774, 193), (379774, 194), (379774, 195), (379774, 196), (379774, 197), (379774, 198), (379774, 199), (379774, 200), (379774, 201), (379774, 202), (379774, 203), (379774, 204), (379774, 205), (379774, 206), (379774, 207), (379774, 208), (379774, 209), (379774, 210), (379774, 211), (379774, 212), (379774, 213), (379866, 1363), (379866, 1364), (379866, 1365), (379866, 1366), (379866, 1367), (379866, 1368), (379866, 1369), (379866, 1370), (379866, 1371), (379866, 1372), (379866, 1373), (379866, 1374), (379866, 1375), (380126, 40), (380126, 41), (380126, 42), (380126, 43), (380126, 44), (380126, 45), (380126, 46), (380126, 47), (380126, 48), (380126, 49), (380126, 50), (380126, 51), (380126, 52), (380126, 53), (380126, 54), (380126, 55), (380126, 56), (380126, 57), (380126, 58), (380126, 59), (380126, 60), (380126, 61), (380126, 62), (380126, 63), (380126, 64), (380126, 65), (380126, 66), (380126, 67), (380126, 68), (380126, 69), (380126, 70), (380126, 71), (380126, 72), (380126, 73), (380126, 74), (380126, 75), (380126, 76), (380126, 77), (380126, 78), (380126, 79), (380126, 80), (380126, 81), (380126, 82), (380126, 83), (380126, 84), (380126, 85), (380126, 86), (380126, 87), (380126, 88), (380126, 89), (380126, 90), (380126, 91), (380126, 92), (380126, 93), (380126, 94), (380126, 95), (380126, 96), (380126, 97), (380126, 98), (380126, 99), (380126, 100), (380126, 101), (380126, 102), (380126, 103), (380126, 104), (380126, 105), (380126, 106), (380126, 107), (380126, 108), (380126, 109), (380126, 110), (380126, 111), (380126, 112), (380126, 113), (380126, 114), (380126, 115), (380126, 116), (380126, 117), (380126, 118), (380126, 119), (380126, 120), (380126, 121), (380126, 122), (380126, 123), (380126, 124), (380126, 125), (380126, 126), (380126, 127), (380126, 128), (380126, 129), (380126, 130), (380126, 131), (380126, 132), (380126, 133), (380126, 134), (380126, 135), (380126, 136), (380126, 137), (380126, 138), (380126, 139), (380126, 140), (380126, 141), (380126, 142), (380126, 143), (380126, 144), (380126, 145), (380126, 146), (380126, 147), (380126, 148), (380126, 149), (380126, 150), (380126, 151), (380126, 152), (380126, 153), (380126, 154), (380126, 155), (380126, 156), (380126, 157), (380126, 158), (380126, 159), (380126, 160), (380126, 161), (380126, 162), (380126, 163), (380126, 164), (380126, 165), (380126, 166), (380126, 167), (380126, 168), (380126, 169), (380126, 170), (380126, 171), (380126, 172), (380126, 173), (380126, 174), (380126, 175), (380126, 176), (380126, 177), (380126, 178), (380126, 179), (380126, 180), (380126, 181), (380126, 182), (380126, 183), (380126, 184), (380126, 185), (380126, 186), (380126, 187), (380126, 188), (380126, 189), (380126, 190), (380126, 191), (380126, 192), (380126, 193), (380126, 194), (380126, 195), (380126, 196), (380126, 197), (380126, 198), (380126, 199), (380126, 200), (380126, 201), (380126, 202), (380126, 203), (380126, 204), (380126, 205), (380126, 206), (380126, 207), (380126, 208), (380126, 209), (380126, 210), (380126, 211), (380126, 212), (380126, 213), (380126, 214), (380126, 215), (380126, 216), (380126, 217), (380126, 218), (380126, 219), (380126, 220), (380126, 221), (380126, 222), (380126, 223), (380126, 224), (380126, 225), (380126, 226), (380126, 227), (380126, 228), (380126, 229), (380126, 230), (380126, 231), (380126, 232), (380126, 233), (380126, 234), (380126, 235), (380126, 236), (380126, 237), (380126, 238), (380126, 239), (380126, 240), (380126, 241), (380126, 242), (380126, 243), (380126, 244), (380126, 245), (380126, 246), (380126, 247), (380126, 248), (380126, 249), (380126, 250), (380126, 251), (380126, 252), (380126, 253), (380126, 254), (380126, 255), (380126, 256), (380126, 257), (380126, 258), (380126, 259), (380126, 260), (380126, 261), (380126, 262), (380126, 263), (380126, 264), (380126, 265), (380126, 266), (380126, 267), (380126, 268), (380126, 269), (380126, 270), (380126, 271), (380126, 272), (380126, 273), (380126, 274), (380126, 275), (380126, 276), (380126, 277), (380126, 278), (380126, 279), (380126, 280), (380126, 281), (380126, 282), (380126, 283), (380126, 284), (380126, 285), (380126, 286), (380126, 287), (380126, 288), (380126, 289), (380126, 290), (380126, 291), (380126, 292), (380126, 293), (380126, 294), (380126, 295), (380126, 296), (380126, 297), (380126, 298), (380126, 299), (380126, 300), (380126, 301), (380126, 302), (380126, 303), (380126, 304), (380126, 305), (380126, 306), (380126, 307), (380126, 308), (380126, 309), (380126, 310), (380126, 311), (380126, 312), (380126, 313), (380126, 314), (380126, 315), (380126, 316), (380126, 317), (380126, 318), (380126, 319), (380126, 320), (380126, 321), (380126, 322), (380126, 323), (380126, 324), (380126, 325), (380126, 326), (380126, 327), (380126, 328), (380126, 329), (380126, 330), (380126, 331), (380126, 332), (380126, 333), (380126, 334), (380126, 335), (380126, 336), (380126, 337), (380126, 338), (380126, 339), (380126, 340), (380126, 341), (380126, 342), (380126, 343), (380126, 344), (380126, 345), (380126, 346), (380126, 347), (380126, 348), (380126, 349), (380126, 350), (380126, 351), (380126, 352), (380126, 353), (380126, 354), (380126, 355), (380126, 356), (380126, 357), (380126, 358), (380126, 359), (380126, 360), (380126, 361), (380126, 362), (380126, 363), (380126, 364), (380126, 365), (380126, 366), (380126, 367), (380126, 368), (380126, 369), (380126, 370), (380126, 371), (380126, 372), (380126, 373), (380126, 374), (380126, 375), (380126, 376), (380126, 377), (380126, 378), (380126, 379), (380126, 380), (380126, 381), (380126, 382), (380126, 383), (380126, 384), (380126, 385), (380126, 386), (380126, 387), (380126, 388), (380126, 389), (380126, 390), (380126, 391), (380126, 392), (380126, 393), (380126, 394), (380126, 395), (380126, 396), (380126, 397), (380126, 398), (380126, 399), (380126, 400), (380126, 401), (380126, 402), (380126, 403), (380126, 404), (380126, 405), (380126, 406), (380126, 407), (380126, 408), (380126, 409), (380126, 410), (380126, 411), (380126, 412), (380126, 413), (380126, 414), (380126, 415), (380126, 416), (380126, 417), (380126, 418), (380126, 419), (380126, 420), (380126, 421), (380126, 422), (380126, 423), (380126, 424), (380126, 425), (380126, 426), (380126, 427), (380126, 428), (380126, 429), (380126, 430), (380126, 431), (380126, 432), (380126, 433), (380126, 434), (380126, 435), (380126, 436), (380126, 437), (380126, 438), (380126, 439), (380126, 440), (380126, 441), (380126, 442), (380126, 443), (380126, 444), (380126, 445), (380126, 446), (380126, 447), (380126, 448), (380126, 449), (380126, 450), (380126, 451), (380126, 452), (380126, 453), (380126, 454), (380126, 455), (380126, 456), (380126, 457), (380126, 458), (380126, 459), (380126, 460), (380126, 461), (380126, 462), (380126, 463), (380126, 464), (380126, 465), (380126, 466), (380126, 467), (380126, 468), (380126, 469), (380126, 470), (380126, 471), (380126, 472), (380126, 473), (380126, 474), (380126, 475), (380126, 476), (380126, 477), (380126, 478), (380126, 479), (380126, 480), (380126, 481), (380126, 482), (380126, 483), (380126, 484), (380126, 485), (380126, 486), (380126, 487), (380126, 488), (380126, 489), (380126, 490), (380126, 491), (380126, 492), (380126, 493), (380126, 494), (380126, 495), (380126, 496), (380126, 497), (380126, 498), (380126, 499), (380126, 500), (380126, 501), (380126, 502), (380126, 503), (380126, 504), (380126, 505), (380126, 506), (380126, 507), (380126, 508), (380126, 509), (380126, 510), (380126, 511), (380126, 512), (380126, 513), (380126, 514), (380126, 515), (380126, 516), (380126, 517), (380126, 518), (380126, 519), (380126, 520), (380126, 521), (380126, 522), (380126, 523), (380126, 524), (380126, 525), (380126, 526), (380126, 527), (380126, 528), (380126, 529), (380126, 530), (380126, 531), (380126, 532), (380126, 533), (380126, 534), (380126, 535), (380126, 536), (380126, 537), (380126, 538), (380126, 539), (380126, 540), (380126, 541), (380126, 542), (380126, 543), (380126, 544), (380126, 545), (380126, 546), (380126, 547), (380126, 548), (380126, 549), (380126, 550), (380126, 551), (380126, 552), (380126, 553), (380126, 554), (380126, 555), (380126, 556), (380126, 557), (380126, 558), (380126, 559), (380126, 560), (380126, 561), (380126, 562), (380126, 563), (380126, 564), (380126, 565), (380126, 566), (380126, 567), (380126, 568), (380126, 569), (380126, 570), (380126, 571), (380126, 572), (380126, 573), (380126, 574), (380126, 575), (380126, 576), (380126, 577), (380126, 578), (380126, 579), (380126, 580), (380126, 581), (380126, 582), (380126, 583), (380126, 584), (380126, 585), (380126, 586), (380126, 587), (380126, 588), (380126, 589), (380126, 590), (380126, 591), (380126, 592), (380126, 593), (380126, 594), (380126, 595), (380126, 596), (380126, 597), (380126, 598), (380126, 599), (380126, 600), (380126, 601), (380126, 602), (380126, 603), (380126, 604), (380126, 605), (380126, 606), (380126, 607), (380126, 608), (380126, 609), (380126, 610), (380126, 611), (380126, 612), (380126, 613), (380126, 614), (380126, 615), (380126, 616), (380126, 617), (380126, 618), (380126, 619), (380126, 620), (380126, 621), (380126, 622), (380126, 623), (380126, 624), (380126, 625), (380126, 626), (380126, 627), (380126, 628), (380126, 629), (380126, 630), (380126, 631), (380126, 632), (380126, 633), (380126, 634), (380126, 635), (380126, 636), (380126, 637), (380126, 638), (380126, 639), (380126, 640), (380126, 641), (380126, 642), (380126, 643), (380126, 644), (380126, 645), (380126, 646), (380126, 647), (380126, 648), (380126, 649), (380126, 650), (380126, 651), (380126, 652), (380126, 653), (380126, 654), (380126, 655), (380126, 656), (380126, 657), (380126, 658), (380126, 659), (380126, 660), (380126, 661), (380126, 662), (380126, 663), (380126, 664), (380126, 665), (380126, 666), (380126, 667), (380126, 668), (380126, 669), (380126, 670), (380126, 671), (380126, 672), (380126, 673), (380126, 674), (380126, 675), (380126, 676), (380126, 677), (380126, 678), (380126, 679), (380126, 680), (380126, 681), (380126, 682), (380126, 683), (380126, 684), (380126, 685), (380126, 686), (380126, 687), (380126, 688), (380126, 689), (380126, 690), (380126, 691), (380126, 692), (380126, 693), (380126, 694), (380126, 695), (380126, 696), (380126, 697), (380126, 698), (380126, 699), (380126, 700), (380126, 701), (380126, 702), (380126, 703), (380126, 704), (380126, 705), (380126, 706), (380126, 707), (380126, 708), (380126, 709), (380126, 710), (380126, 711), (380126, 712), (380126, 713), (380126, 714), (380126, 715), (380126, 716), (380126, 717), (380126, 718), (380126, 719), (380126, 720), (380126, 721), (380126, 722), (380126, 723), (380126, 724), (380126, 725), (380126, 726), (380126, 727), (380126, 728), (380126, 729), (380126, 730), (380126, 731), (380126, 732), (380126, 733), (380126, 734), (380126, 735), (380126, 736), (380126, 737), (380126, 738), (380126, 739), (380126, 740), (380126, 741), (380126, 742), (380126, 743), (380126, 744), (380126, 745), (380126, 746), (380126, 747), (380126, 748), (380126, 749), (380126, 750), (380126, 751), (380126, 752), (380126, 753), (380126, 754), (380126, 755), (380126, 756), (380126, 757), (380126, 758), (380126, 759), (380126, 760), (380126, 761), (380126, 762), (380126, 763), (380126, 764), (380126, 765), (380126, 766), (380126, 767), (380126, 768), (380126, 769), (380126, 770), (380126, 771), (380126, 772), (380126, 773), (380126, 774), (380126, 775), (380126, 776), (380126, 777), (380126, 778), (380126, 779), (380126, 780), (380126, 781), (380126, 782), (380126, 783), (380126, 784), (380126, 785), (380126, 786), (380126, 787), (380126, 788), (380126, 789), (380126, 790), (380126, 791), (380126, 792), (380126, 793), (380126, 794), (380126, 795), (380126, 796), (380126, 797), (380126, 798), (380126, 799), (380126, 800), (380126, 801), (380126, 802), (380126, 803), (380126, 804), (380126, 805), (380126, 806), (380126, 807), (380126, 808), (380126, 809), (380126, 810), (380126, 811), (380126, 812), (380126, 813), (380126, 814), (380126, 815), (380126, 816), (380126, 817), (380126, 818), (380126, 819), (380126, 820), (380126, 821), (380126, 822), (380126, 823), (380126, 824), (380126, 825), (380126, 826), (380126, 827), (380126, 828), (380126, 829), (380126, 830), (380126, 831), (380126, 832), (380126, 833), (380126, 834), (380126, 835), (380126, 836), (380126, 837), (380126, 838), (380126, 839), (380126, 840), (380126, 841), (380126, 842), (380126, 843), (380126, 844), (380126, 845), (380126, 846), (380126, 847), (380126, 848), (380126, 849), (380126, 850), (380126, 851), (380126, 852), (380126, 853), (380126, 854), (380126, 855), (380126, 856), (380126, 857), (380126, 858), (380126, 859), (380126, 860), (380126, 861), (380126, 862), (380126, 863), (380126, 864), (380126, 865), (380126, 866), (380126, 867), (380126, 868), (380126, 869), (380126, 870), (380126, 871), (380126, 872), (380126, 873), (380126, 874), (380126, 875), (380126, 876), (380126, 877), (380126, 878), (380126, 879), (380126, 880), (380126, 881), (380126, 882), (380126, 883), (380126, 884), (380126, 885), (380126, 886), (380126, 887), (380126, 888), (380126, 889), (380126, 890), (380126, 891), (380126, 892), (380126, 893), (380126, 894), (380126, 895), (380126, 896), (380126, 897), (380126, 898), (380126, 899), (380126, 900), (380126, 901), (380126, 902), (380126, 903), (380126, 904), (380126, 905), (380126, 906), (380126, 907), (380126, 908), (380126, 909), (380126, 910), (380126, 911), (380126, 912), (380126, 913), (380126, 914), (380126, 915), (380126, 916), (380126, 917), (380126, 918), (380126, 919), (380126, 920), (380126, 921), (380126, 922), (380126, 923), (380126, 924), (380126, 925), (380126, 926), (380126, 927), (380126, 928), (380126, 929), (380126, 930), (380126, 931), (380126, 932), (380126, 933), (380126, 934), (380126, 935), (380126, 936), (380126, 937), (380126, 938), (380126, 939), (380126, 940), (380126, 941), (380126, 942), (380126, 943), (380126, 944), (380126, 945), (380126, 946), (380126, 947), (380126, 948), (380126, 949), (380126, 950), (380126, 951), (380126, 952), (380126, 953), (380126, 954), (380126, 955), (380126, 956), (380126, 957), (380126, 958), (380126, 959), (380126, 960), (380126, 961), (380126, 962), (380126, 963), (380126, 964), (380126, 965), (380126, 966), (380126, 967), (380126, 968), (380126, 969), (380126, 970), (380126, 971), (380126, 972), (380126, 973), (380126, 974), (380126, 975), (380126, 976), (380126, 977), (380126, 978), (380126, 979), (380126, 980), (380126, 981), (380126, 982), (380126, 983), (380126, 984), (380126, 985), (380126, 986), (380126, 987), (380126, 988), (380126, 989), (380126, 990), (380126, 991), (380127, 1), (380127, 2), (380127, 3), (380127, 4), (380127, 5), (380127, 6), (380127, 7), (380127, 8), (380127, 9), (380127, 10), (380127, 11), (380127, 12), (380127, 13), (380127, 14), (380127, 15), (380127, 16), (380127, 17), (380127, 18), (380127, 19), (380127, 20), (380127, 21), (380127, 22), (380127, 23), (380127, 24), (380127, 25), (380127, 26), (380127, 27), (380127, 28), (380127, 29), (380127, 30), (380127, 31), (380127, 32), (380127, 33), (380127, 34), (380127, 35), (380127, 36), (380127, 37), (380127, 38), (380127, 39), (380127, 40), (380127, 41), (380127, 42), (380127, 43), (380127, 44), (380127, 45), (380127, 46), (380127, 47), (380127, 48), (380127, 49), (380127, 50), (380127, 51), (380127, 52), (380127, 53), (380127, 54), (380127, 55), (380127, 56), (380127, 57), (380127, 58), (380127, 59), (380127, 60), (380127, 61), (380127, 62), (380127, 63), (380127, 64), (380127, 65), (380127, 66), (380127, 67), (380127, 68), (380127, 69), (380127, 70), (380127, 71), (380127, 72), (380127, 73), (380127, 74), (380127, 75), (380127, 76), (380127, 77), (380127, 78), (380127, 79), (380127, 80), (380127, 81), (380127, 82), (380127, 83), (380127, 84), (380127, 85), (380127, 86), (380127, 87), (380127, 88), (380127, 89), (380127, 90), (380127, 91), (380127, 92), (380127, 93), (380127, 94), (380127, 95), (380127, 96), (380127, 97), (380127, 98), (380127, 99), (380127, 100), (380127, 101), (380127, 102), (380127, 103), (380127, 104), (380127, 105), (380127, 106), (380127, 107), (380127, 108), (380127, 109), (380127, 110), (380127, 111), (380127, 112), (380127, 113), (380127, 114), (380127, 115), (380127, 116), (380127, 117), (380127, 118), (380127, 119), (380127, 120), (380127, 121), (380127, 122), (380127, 123), (380127, 124), (380127, 125), (380127, 126), (380127, 127), (380127, 128), (380127, 129), (380127, 130), (380127, 131), (380127, 132), (380127, 133), (380127, 134), (380127, 135), (380127, 136), (380127, 137), (380127, 138), (380127, 139), (380127, 140), (380127, 141), (380127, 142), (380127, 143), (380127, 144), (380127, 145), (380127, 146), (380127, 147), (380127, 148), (380127, 149), (380127, 150), (380127, 151), (380127, 152), (380127, 153), (380127, 154), (380127, 155), (380127, 156), (380127, 157), (380127, 158), (380127, 159), (380127, 160), (380127, 161), (380127, 162), (380127, 163), (380127, 164), (380127, 165), (380127, 166), (380127, 167), (380127, 168), (380127, 169), (380127, 170), (380127, 171), (380127, 172), (380127, 173), (380127, 174), (380127, 175), (380127, 176), (380127, 177), (380127, 178), (380127, 179), (380127, 180), (380127, 181), (380127, 182), (380127, 183), (380127, 184), (380127, 185), (380127, 186), (380127, 187), (380127, 188), (380127, 189), (380127, 190), (380127, 191), (380127, 192), (380127, 193), (380127, 194), (380127, 195), (380127, 196), (380127, 197), (380127, 198), (380127, 199), (380127, 200), (380127, 201), (380127, 202), (380127, 203), (380127, 204), (380127, 205), (380127, 206), (380127, 207), (380127, 208), (380127, 209), (380127, 210), (380127, 211), (380127, 212), (380127, 213), (380127, 214), (380127, 215), (380127, 216), (380127, 217), (380127, 218), (380127, 219), (380127, 220), (380127, 221), (380127, 222), (380127, 223), (380127, 224), (380127, 225), (380127, 226), (380127, 227), (380127, 228), (380127, 229), (380127, 230), (380127, 231), (380127, 232), (380127, 233), (380127, 234), (380127, 235), (380127, 236), (380127, 237), (380127, 238), (380127, 239), (380127, 240), (380127, 241), (380127, 242), (380127, 243), (380127, 244), (380127, 245), (380127, 246), (380127, 247), (380127, 248), (380127, 249), (380127, 250), (380127, 251), (380127, 252), (380127, 253), (380127, 254), (380127, 255), (380127, 256), (380127, 257), (380127, 258), (380127, 259), (380127, 260), (380127, 261), (380127, 262), (380127, 263), (380127, 264), (380127, 265), (380127, 266), (380127, 267), (380127, 268), (380127, 269), (380127, 270), (380127, 271), (380127, 272), (380127, 273), (380127, 274), (380127, 275), (380127, 276), (380127, 277), (380127, 278), (380127, 279), (380127, 280), (380127, 281), (380127, 282), (380127, 283), (380127, 284), (380127, 285), (380127, 286), (380127, 287), (380127, 288), (380127, 289), (380127, 290), (380127, 291), (380127, 292), (380127, 293), (380127, 294), (380127, 295), (380127, 296), (380127, 297), (380127, 298), (380127, 299), (380127, 300), (380127, 301), (380127, 302), (380127, 303), (380127, 304), (380127, 305), (380127, 306), (380127, 307), (380127, 308), (380127, 309), (380127, 310), (380127, 311), (380127, 312), (380127, 313), (380127, 314), (380127, 315), (380127, 316), (380127, 317), (380127, 318), (380127, 319), (380127, 320), (380127, 321), (380127, 322), (380127, 323), (380127, 324), (380127, 325), (380127, 326), (380127, 327), (380127, 328), (380127, 329), (380127, 330), (380127, 331), (380127, 332), (380127, 333), (380127, 334), (380127, 335), (380127, 336), (380127, 337), (380127, 338), (380127, 339), (380127, 340), (380127, 341), (380127, 342), (380127, 343), (380127, 344), (380127, 345), (380127, 346), (380127, 347), (380127, 348), (380127, 349), (380127, 350), (380127, 351), (380127, 352), (380127, 353), (380127, 354), (380127, 355), (380127, 356), (380127, 357), (380127, 358), (380127, 359), (380127, 360), (380127, 361), (380127, 362), (380127, 363), (380127, 364), (380127, 365), (380127, 366), (380127, 367), (380127, 368), (380127, 369), (380127, 370), (380127, 371), (380127, 372), (380127, 373), (380127, 374), (380127, 375), (380127, 376), (380127, 377), (380127, 378), (380127, 379), (380127, 380), (380127, 381), (380127, 382), (380127, 383), (380127, 384), (380127, 385), (380127, 386), (380127, 387), (380127, 388), (380127, 389), (380127, 390), (380127, 391), (380127, 392), (380127, 393), (380127, 394), (380127, 395), (380127, 396), (380127, 397), (380127, 398), (380127, 399), (380127, 400), (380127, 401), (380127, 402), (380127, 403), (380127, 404), (380127, 405), (380127, 406), (380127, 407), (380127, 408), (380127, 409), (380127, 410), (380127, 411), (380127, 412), (380127, 413), (380127, 414), (380127, 415), (380127, 416), (380127, 417), (380127, 418), (380127, 419), (380127, 420), (380127, 421), (380127, 422), (380127, 423), (380127, 424), (380127, 425), (380127, 426), (380127, 427), (380127, 428), (380127, 429), (380127, 430), (380127, 431), (380127, 432), (380127, 433), (380127, 434), (380127, 435), (380127, 436), (380127, 437), (380127, 438), (380127, 439), (380127, 440), (380127, 441), (380127, 442), (380127, 443), (380127, 444), (380127, 445), (380127, 446), (380127, 447), (380127, 448), (380127, 449), (380127, 450), (380127, 451), (380127, 452), (380127, 453), (380127, 454), (380127, 455), (380127, 456), (380127, 457), (380127, 458), (380127, 459), (380127, 460), (380127, 461), (380127, 462), (380127, 463), (380127, 464), (380127, 465), (380127, 466), (380127, 467), (380127, 468), (380127, 469), (380127, 470), (380127, 471), (380127, 472), (380127, 473), (380127, 474), (380127, 475), (380127, 476), (380127, 477), (380127, 478), (380127, 479), (380127, 480), (380127, 481), (380127, 482), (380127, 483), (380127, 484), (380127, 485), (380127, 486), (380127, 487), (380127, 488), (380127, 489), (380127, 490), (380127, 491), (380127, 492), (380127, 493), (380127, 494), (380127, 495), (380127, 496), (380127, 497), (380127, 498), (380127, 499), (380127, 500), (380127, 501), (380127, 502), (380127, 503), (380127, 504), (380127, 505), (380127, 506), (380127, 507), (380127, 508), (380127, 509), (380127, 510), (380127, 511), (380127, 512), (380127, 513), (380127, 514), (380127, 515), (380127, 516), (380127, 517), (380127, 518), (380127, 519), (380127, 520), (380127, 521), (380127, 522), (380127, 523), (380127, 524), (380127, 525), (380127, 526), (380127, 527), (380127, 528), (380127, 529), (380127, 530), (380127, 531), (380127, 532), (380127, 533), (380127, 534), (380127, 535), (380128, 1), (380128, 2), (380128, 3), (380128, 4), (380128, 5), (380128, 6), (380128, 7), (380128, 8), (380128, 9), (380128, 10), (380128, 11), (380128, 12), (380128, 13), (380128, 14), (380128, 15), (380128, 16), (380128, 17), (380128, 18), (380128, 19), (380128, 20), (380128, 21), (380128, 22), (380128, 23), (380128, 24), (380128, 25), (380128, 26), (380128, 27), (380128, 28), (380128, 29), (380128, 30), (380128, 31), (380128, 32), (380128, 33), (380128, 34), (380128, 35), (380128, 36), (380128, 37), (380128, 38), (380128, 39), (380128, 40), (380128, 41), (380128, 42), (380128, 43), (380128, 44), (380128, 45), (380128, 46), (380128, 47), (380128, 48), (380128, 49), (380128, 50), (380128, 51), (380128, 52), (380128, 53), (380128, 54), (380128, 55), (380128, 56), (380128, 57), (380128, 58), (380128, 59), (380128, 60), (380128, 61), (380128, 62), (380128, 63), (380128, 64), (380128, 65), (380128, 66), (380128, 67), (380128, 68), (380128, 69), (380128, 70), (380128, 71), (380128, 72), (380128, 73), (380128, 74), (380128, 75), (380128, 76), (380128, 77), (380128, 78), (380128, 79), (380128, 80), (380128, 81), (380128, 82), (380128, 83), (380128, 84), (380128, 85), (380128, 86), (380128, 87), (380128, 88), (380128, 89), (380128, 90), (380128, 91), (380128, 92), (380128, 93), (380128, 94), (380128, 95), (380128, 96), (380128, 97), (380128, 98), (380128, 99), (380128, 100), (380128, 101), (380128, 102), (380128, 103), (380128, 104), (380128, 105), (380128, 106), (380128, 107), (380128, 108), (380128, 109), (380128, 110), (380128, 111), (380128, 112), (380128, 113), (380128, 114), (380128, 115), (380128, 116), (380128, 117), (380128, 118), (380128, 119), (380128, 120), (380128, 121), (380128, 122), (380128, 123), (380128, 124), (380128, 125), (380128, 126), (380128, 127), (380128, 128), (380128, 129), (380128, 130), (380128, 131), (380128, 132), (380128, 133), (380128, 134), (380128, 135), (380128, 136), (380128, 137), (380128, 138), (380128, 139), (380128, 140), (380128, 141), (380128, 142), (380128, 143), (380128, 144), (380128, 145), (380128, 146), (380128, 147), (380128, 148), (380128, 149), (380128, 150), (380128, 151), (380128, 152), (380128, 153), (380128, 154), (380128, 155), (380128, 156), (380128, 157), (380128, 158), (380128, 159), (380128, 160), (380128, 161), (380128, 162), (380128, 163), (380128, 164), (380128, 165), (380128, 166), (380128, 167), (380128, 168), (380128, 169), (380128, 170), (380128, 171), (380128, 172), (380128, 173), (380128, 174), (380128, 175), (380128, 176), (380128, 177), (380128, 178), (380128, 179), (380128, 180), (380128, 181), (380128, 182), (380128, 183), (380128, 184), (380128, 185), (380128, 186), (380128, 187), (380128, 188), (380128, 189), (380128, 190), (380128, 191), (380128, 192), (380128, 193), (380128, 194), (380128, 195), (380128, 196), (380128, 197), (380128, 198), (380128, 199), (380128, 200), (380128, 201), (380128, 202), (380128, 203), (380128, 204), (380128, 205), (380128, 206), (380128, 207), (380128, 208), (380128, 209), (380128, 210), (380128, 211), (380128, 212), (380128, 213), (380128, 214), (380128, 215), (380128, 216), (380128, 217), (380128, 218), (380128, 219), (380128, 220), (380128, 221), (380128, 222), (380128, 223), (380128, 224), (380128, 225), (380128, 226), (380128, 227), (380128, 228), (380128, 229), (380128, 230), (380128, 231), (380128, 232), (380128, 233), (380128, 234), (380128, 235), (380128, 236), (380128, 237), (380128, 238), (380128, 239), (380128, 240), (380128, 241), (380128, 242), (380128, 243), (380128, 244), (380128, 245), (380128, 246), (380128, 247), (380128, 248), (380128, 249), (380128, 250), (380128, 251), (380128, 252), (380128, 253), (380128, 254), (380128, 255), (380128, 256), (380128, 257), (380128, 258), (380128, 259), (380128, 260), (380128, 261), (380128, 262), (380128, 263), (380128, 264), (380128, 265), (380128, 266), (380128, 267), (380128, 268), (380128, 269), (380128, 270), (380128, 271), (380128, 272), (380128, 273), (380128, 274), (380128, 275), (380128, 276), (380128, 277), (380128, 278), (380128, 279), (380128, 280), (380128, 281), (380128, 282), (380128, 283), (380128, 284), (380128, 285), (380128, 286), (380128, 287), (380128, 288), (380128, 289), (380128, 290), (380128, 291), (380128, 292), (380128, 293), (380128, 294), (380128, 295), (380128, 296), (380128, 297), (380128, 298), (380128, 299), (380128, 300), (380128, 301), (380128, 302), (380128, 303), (380128, 304), (380128, 305), (380128, 306), (380128, 307), (380128, 308), (380128, 309), (380128, 310), (380128, 311), (380128, 312), (380128, 313), (380128, 314), (380128, 315), (380128, 316), (380128, 317), (380128, 318), (380128, 319), (380128, 320), (380128, 321), (380128, 322), (380128, 323), (380128, 324), (380128, 325), (380128, 326), (380128, 327), (380128, 328), (380128, 329), (380128, 330), (380128, 331), (380128, 332), (380128, 333), (380128, 334), (380128, 335), (380128, 336), (380128, 337), (380128, 338), (380128, 339), (380128, 340), (380128, 341), (380128, 342), (380128, 343), (380128, 344), (380128, 345), (380128, 346), (380128, 347), (380128, 348), (380128, 349), (380128, 350), (380128, 351), (380128, 352), (380128, 353), (380128, 354), (380128, 355), (380128, 356), (380128, 357), (380128, 358), (380128, 359), (380128, 360), (380128, 361), (380128, 362), (380128, 363), (380128, 364), (380128, 365), (380128, 366), (380128, 367), (380128, 368), (380128, 369), (380128, 370), (380128, 371), (380128, 372), (380128, 373), (380128, 374), (380128, 375), (380128, 376), (380128, 377), (380128, 378), (380128, 379), (380128, 380), (380128, 381), (380128, 382), (380128, 383), (380128, 384), (380128, 385), (380128, 386), (380128, 387), (380377, 452), (380377, 453), (380377, 454), (380377, 455), (380531, 1062), (381113, 107), (381113, 142), (381113, 178), (381113, 213), (381113, 214), (381113, 215), (381113, 216), (381113, 217), (381113, 218), (381113, 220), (381150, 42), (381199, 183), (381199, 184), (381199, 185), (381309, 457), (381417, 1818), (381417, 1819), (381417, 1820), (381417, 1821), (381417, 1822), (381417, 1823), (381417, 1824), (381443, 1543), (381443, 1544), (381443, 1545), (381443, 1546), (381443, 1547), (381443, 1548), (381443, 1549), (381443, 1550), (381443, 1551), (381443, 1552), (381443, 1553), (381443, 1554), (381443, 1555), (381443, 1556), (381443, 1557), (381443, 1558), (381443, 1559), (381443, 1560), (381443, 1561), (381443, 1562), (381443, 1563), (381443, 1564), (381443, 1565), (381443, 1566), (381443, 1567), (381443, 1568), (381443, 1569), (381443, 1570), (381443, 1571), (381499, 228), (382258, 1150), (382568, 429), (382568, 430), (382568, 431), (382568, 432), (382568, 433), (382568, 434), (382568, 435), (382568, 436), (382568, 437), (382685, 307), (382834, 836), (382834, 837), (382834, 838), (383162, 1150), (383162, 1159), (383162, 1429), (383174, 643), (384485, 52), (384485, 70), (384490, 32), (384579, 559), (384579, 560), (384579, 561), (384579, 562), (384579, 563), (384579, 564), (384579, 565), (384579, 566), (384579, 567), (384579, 568), (384579, 569), (384579, 570), (384579, 571), (384579, 572), (384614, 1276), (384614, 1277), (384614, 1278), (384614, 1279), (384614, 1280), (384614, 1281), (384614, 1282), (384614, 1283), (384614, 1284), (384614, 1285), (384614, 1286), (384614, 1287), (384614, 1288), (384614, 1289), (384614, 1290), (384981, 2132), (384981, 2133), (384981, 2134), (384981, 2135), (384981, 2136), (384981, 2137), (385012, 323), (385012, 324), (385591, 19), (385618, 80), (385618, 81), (385618, 117), (385618, 153), (385618, 154), (385618, 155), (385618, 156), (385764, 1088), (385842, 1961)]
